Id,FirstName,LastName,Gender,DataOfBirth,GUID
73260,Evelyn,Perry,Female,10/23/1930,634429e0-c09c-4959-9ad5-2afc4451072d
38376,Quinn,Kelly,Female,11/15/1957,4a6ec6b7-1f83-4978-aa4c-39ff14bdd063
44701,Jeremiah,Gray,Male,4/30/1999,ffccedbf-223b-40d2-828e-888bcd1b1183
77389,Iris,Gonzalez,Female,1/29/2006,3e450f7c-ab2f-407a-9041-58c1322b65b0
76306,Theo,Adams,Male,4/5/1934,83c30915-543b-45fe-a33a-5625fec86e34
6952,Owen,Martinez,Male,9/5/1952,7c41e54a-1019-4e42-b343-4e75f889bf74
14338,Liam,Rivera,Male,1/19/1950,5b6b4f36-9274-4942-828a-6f12d398f623
16240,Quinn,Perez,Female,8/31/1956,d79d0588-94a5-4235-a076-cfe59079d90c
70953,Josiah,Robinson,Male,1/11/1932,af0d44ec-1be5-4871-8dde-da60776c4957
27716,Eden,Ward-Green,Female,1/24/1941,d18d0f25-cab5-456c-b4f1-f10df5e80c7d
39033,Lucas,Stewart,Male,8/29/1958,7799bb24-6f86-49f7-9452-f632307935e9
49514,Olivia,Martin,Female,12/15/2003,154803d4-73ca-4d65-bdfe-d37c52364a8a
56459,Maria,Johnson,Female,4/20/1941,64ff3cc5-2045-4338-bd73-2c9d444d2c7f
43895,Walker,Mitchell,Male,3/18/1935,2b9db0a7-e183-41fa-9762-d6f52670fd0c
67111,Beau,Parker,Male,3/25/1980,f3db6ae9-2f80-4792-bab2-c5f2e37e46bb
82695,Claire,Martinez,Female,8/3/1930,c1e6539c-512e-4943-99a2-135fa3aa3fcd
11724,Parker,Russell,Male,8/13/1935,090f0e13-79ae-461e-8351-117aff925fda
21806,Claire,Williams,Female,11/20/1959,3c4c2e90-ee1f-4924-8f49-b651d7ad1d3d
66337,David,Robinson,Male,8/21/1994,e21d39f7-8895-4227-b623-ee7955aa4ac5
62494,Joshua,Rogers,Male,12/4/1995,475f1d5a-22ed-414d-9040-0f4becfc86e2